<application>
  <component name="FileTypeManager" version="18">
    <extensionMap>
      <mapping pattern="300_atf" type="AUTO_DETECTED" />
      <removed_mapping ext="csv" type="CSV file" />
      <mapping ext="csv" type="CSV/TSV" />
      <mapping ext="cnf" type="Ini" />
      <mapping pattern="animaux" type="JSON" />
      <mapping pattern="DOCTI-1357-move-content-to-proper-folder" type="PHP" />
      <mapping pattern="cleanFooterLinks" type="PHPT" />
      <mapping pattern="medicaments" type="PLAIN_TEXT" />
      <mapping pattern="medicament-test1" type="PLAIN_TEXT" />
      <mapping pattern="export-articles-video" type="PLAIN_TEXT" />
      <mapping pattern="labo1" type="PLAIN_TEXT" />
      <mapping pattern="medicineKO" type="PLAIN_TEXT" />
      <mapping pattern="DOCTI-1357-moveContentToProperFolder" type="PLAIN_TEXT" />
      <mapping pattern="20210430122833-clean_le_lab_products_table" type="SQL" />
      <mapping pattern="20211705.sql" type="SQL" />
      <mapping pattern="view" type="Twig" />
      <mapping pattern="medical-webpage-reviewer" type="Twig" />
      <mapping pattern="*.yml.dist" type="YAML" />
      <mapping pattern="le_lab_categories" type="YAML" />
      <removed_mapping ext="cnf" approved="true" type="htaccess" />
    </extensionMap>
  </component>
</application>