<profile version="1.0">
  <option name="myName" value="Default" />
  <inspection_tool class="Eslint" enabled="true" level="WARNING" enabled_by_default="true" />
  <inspection_tool class="HtmlUnknownTag" enabled="true" level="WARNING" enabled_by_default="true">
    <option name="myValues">
      <value>
        <list size="7">
          <item index="0" class="java.lang.String" itemvalue="nobr" />
          <item index="1" class="java.lang.String" itemvalue="noembed" />
          <item index="2" class="java.lang.String" itemvalue="comment" />
          <item index="3" class="java.lang.String" itemvalue="noscript" />
          <item index="4" class="java.lang.String" itemvalue="embed" />
          <item index="5" class="java.lang.String" itemvalue="script" />
          <item index="6" class="java.lang.String" itemvalue="h2" />
        </list>
      </value>
    </option>
    <option name="myCustomValuesEnabled" value="true" />
  </inspection_tool>
  <inspection_tool class="MessDetectorValidationInspection" enabled="true" level="WEAK WARNING" enabled_by_default="true">
    <option name="CODESIZE" value="true" />
    <option name="CONTROVERSIAL" value="true" />
    <option name="DESIGN" value="true" />
    <option name="UNUSEDCODE" value="true" />
    <option name="NAMING" value="true" />
  </inspection_tool>
  <inspection_tool class="PhpAssignmentInConditionInspection" enabled="true" level="WARNING" enabled_by_default="true" />
  <inspection_tool class="PhpCSValidationInspection" enabled="true" level="WEAK WARNING" enabled_by_default="true">
    <option name="IGNORE_WARNINGS" value="true" />
    <option name="EXTENSIONS" value="php,js,css,inc" />
  </inspection_tool>
  <inspection_tool class="PhpCompoundNamespaceDepthInspection" enabled="true" level="WEAK WARNING" enabled_by_default="true" />
  <inspection_tool class="PhpDivisionByZeroInspection" enabled="true" level="WARNING" enabled_by_default="true" />
  <inspection_tool class="PhpDocMissingReturnTagInspection" enabled="true" level="Weakweak Warning" enabled_by_default="true" />
  <inspection_tool class="PhpDocMissingThrowsInspection" enabled="true" level="Weakweak Warning" enabled_by_default="true" />
  <inspection_tool class="PhpDocSignatureInspection" enabled="true" level="Weakweak Warning" enabled_by_default="true" />
  <inspection_tool class="PhpDynamicAsStaticMethodCallInspection" enabled="true" level="ERROR" enabled_by_default="true" />
  <inspection_tool class="PhpLongTypeFormInspection" enabled="true" level="WEAK WARNING" enabled_by_default="true" />
  <inspection_tool class="PhpMissingDocCommentInspection" enabled="true" level="Weakweak Warning" enabled_by_default="true" />
  <inspection_tool class="PhpMissingVisibilityInspection" enabled="true" level="WEAK WARNING" enabled_by_default="true" />
  <inspection_tool class="PhpModifierOrderInspection" enabled="true" level="WEAK WARNING" enabled_by_default="true" />
  <inspection_tool class="PhpNewClassMissingParameterListInspection" enabled="true" level="WEAK WARNING" enabled_by_default="true" />
  <inspection_tool class="PhpSeparateElseIfInspection" enabled="true" level="WEAK WARNING" enabled_by_default="true" />
  <inspection_tool class="PhpStaticAsDynamicMethodCallInspection" enabled="true" level="ERROR" enabled_by_default="true" />
  <inspection_tool class="PhpTraitsUseListInspection" enabled="true" level="WEAK WARNING" enabled_by_default="true" />
  <inspection_tool class="PhpVarUsageInspection" enabled="true" level="WEAK WARNING" enabled_by_default="true" />
  <inspection_tool class="PhpVariableVariableInspection" enabled="true" level="WEAK WARNING" enabled_by_default="true" />
  <inspection_tool class="PsalmGlobal" enabled="true" level="WEAK WARNING" enabled_by_default="true">
    <option name="config" value="$USER_HOME$/.psalm_config.xml" />
    <option name="showInfo" value="true" />
    <option name="findUnusedCode" value="true" />
  </inspection_tool>
  <inspection_tool class="SpellCheckingInspection" enabled="false" level="TYPO" enabled_by_default="false">
    <option name="processCode" value="true" />
    <option name="processLiterals" value="true" />
    <option name="processComments" value="true" />
  </inspection_tool>
  <inspection_tool class="SqlNoDataSourceInspection" enabled="true" level="INFORMATION" enabled_by_default="true" />
  <inspection_tool class="SqlStorageInspection" enabled="true" level="INFORMATION" enabled_by_default="true" />
</profile>