<application>
  <component name="FileTypeManager" version="19">
    <extensionMap>
      <mapping pattern="pre-commit" type="AUTO_DETECTED" />
      <mapping pattern="RestController" type="AUTO_DETECTED" />
      <mapping pattern="check-conflicts" type="AUTO_DETECTED" />
      <mapping pattern="300_atf" type="AUTO_DETECTED" />
      <mapping pattern="MatomoProvider" type="AUTO_DETECTED" />
      <mapping ext="cnf" type="Ini" />
      <mapping pattern="animaux" type="JSON" />
      <mapping pattern="DOCTI-1357-move-content-to-proper-folder" type="PHP" />
      <mapping pattern="cleanFooterLinks" type="PHPT" />
      <mapping pattern="medicineKO" type="PLAIN_TEXT" />
      <mapping pattern=".env.dist" type="PLAIN_TEXT" />
      <mapping pattern="export-articles-video" type="PLAIN_TEXT" />
      <mapping pattern="medicament-test1" type="PLAIN_TEXT" />
      <mapping pattern="DOCTI-1357-moveContentToProperFolder" type="PLAIN_TEXT" />
      <mapping pattern="medicaments" type="PLAIN_TEXT" />
      <mapping pattern="labo1" type="PLAIN_TEXT" />
      <mapping ext="saved" type="PLAIN_TEXT" />
      <mapping ext="db" type="PLAIN_TEXT" />
      <mapping pattern="20210430122833-clean_le_lab_products_table" type="SQL" />
      <mapping pattern="20211705.sql" type="SQL" />
      <mapping pattern=".env*" type="Shell Script" />
      <mapping pattern="apply-php-cs-fixer" type="Shell Script" />
      <mapping pattern="view" type="Twig" />
      <mapping pattern="medical-webpage-reviewer" type="Twig" />
      <mapping pattern="*.yml.dist" type="YAML" />
      <mapping pattern="le_lab_categories" type="YAML" />
      <removed_mapping ext="cnf" approved="true" type="htaccess" />
      <removed_mapping ext="conf" approved="true" type="SmartyConfig" />
      <removed_mapping ext="csv" approved="true" type="CSV file" />
      <removed_mapping ext="nginx" approved="true" type="Nginx Configuration" />
      <removed_mapping ext="pdf" approved="true" type="Native" />
    </extensionMap>
  </component>
</application>