<application>
  <component name="FindSettings">
    <option name="customScope" value="Project Files" />
    <option name="defaultScopeName" value="Project Files" />
    <option name="SEARCH_SCOPE" value="Project Files" />
    <mask>*.ts,*.js</mask>
    <mask>*.css</mask>
    <mask>*.html</mask>
    <mask>*.xml</mask>
    <mask>*.php4</mask>
    <mask>*.phtml</mask>
    <mask>*.php5</mask>
    <mask>*.ctp</mask>
    <mask>*.hphp</mask>
    <mask>*.module</mask>
    <mask>*.inc</mask>
    <mask>*.ini</mask>
    <mask>*.yaml</mask>
    <mask>*.p</mask>
    <mask>*.scss</mask>
    <mask>*.js</mask>
    <mask>*.ts</mask>
    <mask>*.yml</mask>
    <mask>*.php</mask>
    <mask>*.twig</mask>
  </component>
</application>