<application>
  <component name="LineMarkerSettings">
    <option name="providers">
      <map>
        <entry key="RenderedDoc" value="false" />
        <entry key="SwOpenInHttpClientLineMarkerProvider" value="true" />
        <entry key="com.intellij.execution.lineMarker.RunLineMarkerProvider" value="false" />
        <entry key="com.intellij.httpClient.http.request.codeInsight.HttpRequestDiffLineMarkerProvider" value="true" />
        <entry key="com.intellij.lang.javascript.highlighting.JSRecursiveCallLineMarkerProvider" value="true" />
        <entry key="com.intellij.lang.javascript.highlighting.TypeScriptSourceMappingLineMarkerProvider" value="true" />
        <entry key="com.intellij.sql.editor.SqlRecursiveCallLineMakerProvider" value="true" />
        <entry key="com.intellij.ui.ColorLineMarkerProvider" value="false" />
        <entry key="com.jetbrains.php.architecture.complexityMetrics.codeSmell.presentation.CodeSmellLineMarkerProvider" value="true" />
        <entry key="com.jetbrains.php.codeInsight.PhpMetaDeclarationLineMarkerProvider" value="true" />
        <entry key="com.jetbrains.php.codeInsight.PhpRecursiveCallLineMarkerProvider" value="true" />
        <entry key="com.jetbrains.php.lang.PhpLineMarkerProvider" value="true" />
        <entry key="com.jetbrains.php.restClient.guzzle.GuzzleRunRequestLineMarkerProvider" value="false" />
        <entry key="js.implemented" value="true" />
        <entry key="js.implementing" value="true" />
        <entry key="js.overridden" value="true" />
        <entry key="js.overriding" value="true" />
        <entry key="org.editorconfig.configmanagement.editor.EditorConfigPreviewMarkerProvider" value="false" />
        <entry key="org.intellij.plugins.markdown.editor.images.ConfigureHtmlImageLineMarkerProvider" value="true" />
        <entry key="org.intellij.plugins.markdown.editor.images.ConfigureMarkdownImageLineMarkerProvider" value="true" />
        <entry key="org.intellij.plugins.markdown.editor.images.ConfigureTextHtmlImageLineMarkerProvider" value="true" />
        <entry key="org.intellij.plugins.markdown.extensions.common.plantuml.PlantUMLCodeFenceDownloadLineMarkerProvider" value="true" />
        <entry key="org.intellij.plugins.markdown.extensions.jcef.mermaid.MermaidCodeFenceDownloadLineMarkerProvider" value="true" />
      </map>
    </option>
  </component>
</application>